{
  "warnings": [
    {
      "file": "/Users/couchbase/workspace/couchbase-lite-ios-edition-build/couchbase-lite-ios-ee/couchbase-lite-ios/Swift/ArrayObject.swift",
      "line": 26,
      "symbol": "ArrayProtocol.count",
      "symbol_kind": "source.lang.swift.decl.var.instance",
      "warning": "undocumented"
    },
    {
      "file": "/Users/couchbase/workspace/couchbase-lite-ios-edition-build/couchbase-lite-ios-ee/couchbase-lite-ios/Swift/ArrayObject.swift",
      "line": 28,
      "symbol": "ArrayProtocol.value(at:)",
      "symbol_kind": "source.lang.swift.decl.function.method.instance",
      "warning": "undocumented"
    },
    {
      "file": "/Users/couchbase/workspace/couchbase-lite-ios-edition-build/couchbase-lite-ios-ee/couchbase-lite-ios/Swift/ArrayObject.swift",
      "line": 30,
      "symbol": "ArrayProtocol.string(at:)",
      "symbol_kind": "source.lang.swift.decl.function.method.instance",
      "warning": "undocumented"
    },
    {
      "file": "/Users/couchbase/workspace/couchbase-lite-ios-edition-build/couchbase-lite-ios-ee/couchbase-lite-ios/Swift/ArrayObject.swift",
      "line": 32,
      "symbol": "ArrayProtocol.int(at:)",
      "symbol_kind": "source.lang.swift.decl.function.method.instance",
      "warning": "undocumented"
    },
    {
      "file": "/Users/couchbase/workspace/couchbase-lite-ios-edition-build/couchbase-lite-ios-ee/couchbase-lite-ios/Swift/ArrayObject.swift",
      "line": 34,
      "symbol": "ArrayProtocol.int64(at:)",
      "symbol_kind": "source.lang.swift.decl.function.method.instance",
      "warning": "undocumented"
    },
    {
      "file": "/Users/couchbase/workspace/couchbase-lite-ios-edition-build/couchbase-lite-ios-ee/couchbase-lite-ios/Swift/ArrayObject.swift",
      "line": 36,
      "symbol": "ArrayProtocol.float(at:)",
      "symbol_kind": "source.lang.swift.decl.function.method.instance",
      "warning": "undocumented"
    },
    {
      "file": "/Users/couchbase/workspace/couchbase-lite-ios-edition-build/couchbase-lite-ios-ee/couchbase-lite-ios/Swift/ArrayObject.swift",
      "line": 38,
      "symbol": "ArrayProtocol.double(at:)",
      "symbol_kind": "source.lang.swift.decl.function.method.instance",
      "warning": "undocumented"
    },
    {
      "file": "/Users/couchbase/workspace/couchbase-lite-ios-edition-build/couchbase-lite-ios-ee/couchbase-lite-ios/Swift/ArrayObject.swift",
      "line": 40,
      "symbol": "ArrayProtocol.number(at:)",
      "symbol_kind": "source.lang.swift.decl.function.method.instance",
      "warning": "undocumented"
    },
    {
      "file": "/Users/couchbase/workspace/couchbase-lite-ios-edition-build/couchbase-lite-ios-ee/couchbase-lite-ios/Swift/ArrayObject.swift",
      "line": 42,
      "symbol": "ArrayProtocol.boolean(at:)",
      "symbol_kind": "source.lang.swift.decl.function.method.instance",
      "warning": "undocumented"
    },
    {
      "file": "/Users/couchbase/workspace/couchbase-lite-ios-edition-build/couchbase-lite-ios-ee/couchbase-lite-ios/Swift/ArrayObject.swift",
      "line": 44,
      "symbol": "ArrayProtocol.blob(at:)",
      "symbol_kind": "source.lang.swift.decl.function.method.instance",
      "warning": "undocumented"
    },
    {
      "file": "/Users/couchbase/workspace/couchbase-lite-ios-edition-build/couchbase-lite-ios-ee/couchbase-lite-ios/Swift/ArrayObject.swift",
      "line": 46,
      "symbol": "ArrayProtocol.date(at:)",
      "symbol_kind": "source.lang.swift.decl.function.method.instance",
      "warning": "undocumented"
    },
    {
      "file": "/Users/couchbase/workspace/couchbase-lite-ios-edition-build/couchbase-lite-ios-ee/couchbase-lite-ios/Swift/ArrayObject.swift",
      "line": 48,
      "symbol": "ArrayProtocol.array(at:)",
      "symbol_kind": "source.lang.swift.decl.function.method.instance",
      "warning": "undocumented"
    },
    {
      "file": "/Users/couchbase/workspace/couchbase-lite-ios-edition-build/couchbase-lite-ios-ee/couchbase-lite-ios/Swift/ArrayObject.swift",
      "line": 50,
      "symbol": "ArrayProtocol.dictionary(at:)",
      "symbol_kind": "source.lang.swift.decl.function.method.instance",
      "warning": "undocumented"
    },
    {
      "file": "/Users/couchbase/workspace/couchbase-lite-ios-edition-build/couchbase-lite-ios-ee/couchbase-lite-ios/Swift/ArrayObject.swift",
      "line": 52,
      "symbol": "ArrayProtocol.toArray()",
      "symbol_kind": "source.lang.swift.decl.function.method.instance",
      "warning": "undocumented"
    },
    {
      "file": "/Users/couchbase/workspace/couchbase-lite-ios-edition-build/couchbase-lite-ios-ee/couchbase-lite-ios/Swift/Collation.swift",
      "line": 138,
      "symbol": "CollationProtocol.toImpl()",
      "symbol_kind": "source.lang.swift.decl.function.method.instance",
      "warning": "undocumented"
    },
    {
      "file": "/Users/couchbase/workspace/couchbase-lite-ios-edition-build/couchbase-lite-ios-ee/couchbase-lite-ios/Swift/ConsoleLogger.swift",
      "line": 52,
      "symbol": "ConsoleLogger",
      "symbol_kind": "source.lang.swift.decl.class",
      "warning": "undocumented"
    },
    {
      "file": "/Users/couchbase/workspace/couchbase-lite-ios-edition-build/couchbase-lite-ios-ee/couchbase-lite-ios/Swift/DataSource.swift",
      "line": 86,
      "symbol": "DataSourceProtocol.toImpl()",
      "symbol_kind": "source.lang.swift.decl.function.method.instance",
      "warning": "undocumented"
    },
    {
      "file": "/Users/couchbase/workspace/couchbase-lite-ios-edition-build/couchbase-lite-ios-ee/couchbase-lite-ios/Swift/DataSource.swift",
      "line": 93,
      "symbol": "DataSourceProtocol.source()",
      "symbol_kind": "source.lang.swift.decl.function.method.instance",
      "warning": "undocumented"
    },
    {
      "file": "/Users/couchbase/workspace/couchbase-lite-ios-edition-build/couchbase-lite-ios-ee/couchbase-lite-ios/Swift/Database.swift",
      "line": 27,
      "symbol": "ConcurrencyControl.lastWriteWins",
      "symbol_kind": "source.lang.swift.decl.enumelement",
      "warning": "undocumented"
    },
    {
      "file": "/Users/couchbase/workspace/couchbase-lite-ios-edition-build/couchbase-lite-ios-ee/couchbase-lite-ios/Swift/Database.swift",
      "line": 28,
      "symbol": "ConcurrencyControl.failOnConflict",
      "symbol_kind": "source.lang.swift.decl.enumelement",
      "warning": "undocumented"
    },
    {
      "file": "/Users/couchbase/workspace/couchbase-lite-ios-edition-build/couchbase-lite-ios-ee/couchbase-lite-ios/Swift/Database.swift",
      "line": 39,
      "symbol": "MaintenanceType.compact",
      "symbol_kind": "source.lang.swift.decl.enumelement",
      "warning": "undocumented"
    },
    {
      "file": "/Users/couchbase/workspace/couchbase-lite-ios-edition-build/couchbase-lite-ios-ee/couchbase-lite-ios/Swift/Database.swift",
      "line": 40,
      "symbol": "MaintenanceType.reindex",
      "symbol_kind": "source.lang.swift.decl.enumelement",
      "warning": "undocumented"
    },
    {
      "file": "/Users/couchbase/workspace/couchbase-lite-ios-edition-build/couchbase-lite-ios-ee/couchbase-lite-ios/Swift/Database.swift",
      "line": 41,
      "symbol": "MaintenanceType.integrityCheck",
      "symbol_kind": "source.lang.swift.decl.enumelement",
      "warning": "undocumented"
    },
    {
      "file": "/Users/couchbase/workspace/couchbase-lite-ios-edition-build/couchbase-lite-ios-ee/couchbase-lite-ios/Swift/Database.swift",
      "line": 42,
      "symbol": "MaintenanceType.optimize",
      "symbol_kind": "source.lang.swift.decl.enumelement",
      "warning": "undocumented"
    },
    {
      "file": "/Users/couchbase/workspace/couchbase-lite-ios-edition-build/couchbase-lite-ios-ee/couchbase-lite-ios/Swift/Database.swift",
      "line": 43,
      "symbol": "MaintenanceType.fullOptimize",
      "symbol_kind": "source.lang.swift.decl.enumelement",
      "warning": "undocumented"
    },
    {
      "file": "/Users/couchbase/workspace/couchbase-lite-ios-edition-build/couchbase-lite-ios-ee/couchbase-lite-ios/Swift/Database.swift",
      "line": 468,
      "symbol": "CBLDatabase.inBatch(block:)",
      "symbol_kind": "source.lang.swift.decl.function.method.instance",
      "warning": "undocumented"
    },
    {
      "file": "/Users/couchbase/workspace/couchbase-lite-ios-edition-build/couchbase-lite-ios-ee/couchbase-lite-ios/Swift/DictionaryObject.swift",
      "line": 26,
      "symbol": "DictionaryProtocol.count",
      "symbol_kind": "source.lang.swift.decl.var.instance",
      "warning": "undocumented"
    },
    {
      "file": "/Users/couchbase/workspace/couchbase-lite-ios-edition-build/couchbase-lite-ios-ee/couchbase-lite-ios/Swift/DictionaryObject.swift",
      "line": 28,
      "symbol": "DictionaryProtocol.keys",
      "symbol_kind": "source.lang.swift.decl.var.instance",
      "warning": "undocumented"
    },
    {
      "file": "/Users/couchbase/workspace/couchbase-lite-ios-edition-build/couchbase-lite-ios-ee/couchbase-lite-ios/Swift/DictionaryObject.swift",
      "line": 30,
      "symbol": "DictionaryProtocol.value(forKey:)",
      "symbol_kind": "source.lang.swift.decl.function.method.instance",
      "warning": "undocumented"
    },
    {
      "file": "/Users/couchbase/workspace/couchbase-lite-ios-edition-build/couchbase-lite-ios-ee/couchbase-lite-ios/Swift/DictionaryObject.swift",
      "line": 32,
      "symbol": "DictionaryProtocol.string(forKey:)",
      "symbol_kind": "source.lang.swift.decl.function.method.instance",
      "warning": "undocumented"
    },
    {
      "file": "/Users/couchbase/workspace/couchbase-lite-ios-edition-build/couchbase-lite-ios-ee/couchbase-lite-ios/Swift/DictionaryObject.swift",
      "line": 34,
      "symbol": "DictionaryProtocol.number(forKey:)",
      "symbol_kind": "source.lang.swift.decl.function.method.instance",
      "warning": "undocumented"
    },
    {
      "file": "/Users/couchbase/workspace/couchbase-lite-ios-edition-build/couchbase-lite-ios-ee/couchbase-lite-ios/Swift/DictionaryObject.swift",
      "line": 36,
      "symbol": "DictionaryProtocol.int(forKey:)",
      "symbol_kind": "source.lang.swift.decl.function.method.instance",
      "warning": "undocumented"
    },
    {
      "file": "/Users/couchbase/workspace/couchbase-lite-ios-edition-build/couchbase-lite-ios-ee/couchbase-lite-ios/Swift/DictionaryObject.swift",
      "line": 38,
      "symbol": "DictionaryProtocol.int64(forKey:)",
      "symbol_kind": "source.lang.swift.decl.function.method.instance",
      "warning": "undocumented"
    },
    {
      "file": "/Users/couchbase/workspace/couchbase-lite-ios-edition-build/couchbase-lite-ios-ee/couchbase-lite-ios/Swift/DictionaryObject.swift",
      "line": 40,
      "symbol": "DictionaryProtocol.float(forKey:)",
      "symbol_kind": "source.lang.swift.decl.function.method.instance",
      "warning": "undocumented"
    },
    {
      "file": "/Users/couchbase/workspace/couchbase-lite-ios-edition-build/couchbase-lite-ios-ee/couchbase-lite-ios/Swift/DictionaryObject.swift",
      "line": 42,
      "symbol": "DictionaryProtocol.double(forKey:)",
      "symbol_kind": "source.lang.swift.decl.function.method.instance",
      "warning": "undocumented"
    },
    {
      "file": "/Users/couchbase/workspace/couchbase-lite-ios-edition-build/couchbase-lite-ios-ee/couchbase-lite-ios/Swift/DictionaryObject.swift",
      "line": 44,
      "symbol": "DictionaryProtocol.boolean(forKey:)",
      "symbol_kind": "source.lang.swift.decl.function.method.instance",
      "warning": "undocumented"
    },
    {
      "file": "/Users/couchbase/workspace/couchbase-lite-ios-edition-build/couchbase-lite-ios-ee/couchbase-lite-ios/Swift/DictionaryObject.swift",
      "line": 46,
      "symbol": "DictionaryProtocol.date(forKey:)",
      "symbol_kind": "source.lang.swift.decl.function.method.instance",
      "warning": "undocumented"
    },
    {
      "file": "/Users/couchbase/workspace/couchbase-lite-ios-edition-build/couchbase-lite-ios-ee/couchbase-lite-ios/Swift/DictionaryObject.swift",
      "line": 48,
      "symbol": "DictionaryProtocol.blob(forKey:)",
      "symbol_kind": "source.lang.swift.decl.function.method.instance",
      "warning": "undocumented"
    },
    {
      "file": "/Users/couchbase/workspace/couchbase-lite-ios-edition-build/couchbase-lite-ios-ee/couchbase-lite-ios/Swift/DictionaryObject.swift",
      "line": 50,
      "symbol": "DictionaryProtocol.array(forKey:)",
      "symbol_kind": "source.lang.swift.decl.function.method.instance",
      "warning": "undocumented"
    },
    {
      "file": "/Users/couchbase/workspace/couchbase-lite-ios-edition-build/couchbase-lite-ios-ee/couchbase-lite-ios/Swift/DictionaryObject.swift",
      "line": 52,
      "symbol": "DictionaryProtocol.dictionary(forKey:)",
      "symbol_kind": "source.lang.swift.decl.function.method.instance",
      "warning": "undocumented"
    },
    {
      "file": "/Users/couchbase/workspace/couchbase-lite-ios-edition-build/couchbase-lite-ios-ee/couchbase-lite-ios/Swift/DictionaryObject.swift",
      "line": 54,
      "symbol": "DictionaryProtocol.contains(key:)",
      "symbol_kind": "source.lang.swift.decl.function.method.instance",
      "warning": "undocumented"
    },
    {
      "file": "/Users/couchbase/workspace/couchbase-lite-ios-edition-build/couchbase-lite-ios-ee/couchbase-lite-ios/Swift/DictionaryObject.swift",
      "line": 56,
      "symbol": "DictionaryProtocol.toDictionary()",
      "symbol_kind": "source.lang.swift.decl.function.method.instance",
      "warning": "undocumented"
    },
    {
      "file": "/Users/couchbase/workspace/couchbase-lite-ios-edition-build/couchbase-lite-ios-ee/couchbase-lite-ios/Swift/Expression.swift",
      "line": 598,
      "symbol": "ExpressionProtocol.toImpl()",
      "symbol_kind": "source.lang.swift.decl.function.method.instance",
      "warning": "undocumented"
    },
    {
      "file": "/Users/couchbase/workspace/couchbase-lite-ios-edition-build/couchbase-lite-ios-ee/couchbase-lite-ios/Swift/Fragment.swift",
      "line": 25,
      "symbol": "FragmentProtocol.value",
      "symbol_kind": "source.lang.swift.decl.var.instance",
      "warning": "undocumented"
    },
    {
      "file": "/Users/couchbase/workspace/couchbase-lite-ios-edition-build/couchbase-lite-ios-ee/couchbase-lite-ios/Swift/Fragment.swift",
      "line": 27,
      "symbol": "FragmentProtocol.string",
      "symbol_kind": "source.lang.swift.decl.var.instance",
      "warning": "undocumented"
    },
    {
      "file": "/Users/couchbase/workspace/couchbase-lite-ios-edition-build/couchbase-lite-ios-ee/couchbase-lite-ios/Swift/Fragment.swift",
      "line": 29,
      "symbol": "FragmentProtocol.int",
      "symbol_kind": "source.lang.swift.decl.var.instance",
      "warning": "undocumented"
    },
    {
      "file": "/Users/couchbase/workspace/couchbase-lite-ios-edition-build/couchbase-lite-ios-ee/couchbase-lite-ios/Swift/Fragment.swift",
      "line": 31,
      "symbol": "FragmentProtocol.int64",
      "symbol_kind": "source.lang.swift.decl.var.instance",
      "warning": "undocumented"
    },
    {
      "file": "/Users/couchbase/workspace/couchbase-lite-ios-edition-build/couchbase-lite-ios-ee/couchbase-lite-ios/Swift/Fragment.swift",
      "line": 33,
      "symbol": "FragmentProtocol.float",
      "symbol_kind": "source.lang.swift.decl.var.instance",
      "warning": "undocumented"
    },
    {
      "file": "/Users/couchbase/workspace/couchbase-lite-ios-edition-build/couchbase-lite-ios-ee/couchbase-lite-ios/Swift/Fragment.swift",
      "line": 35,
      "symbol": "FragmentProtocol.double",
      "symbol_kind": "source.lang.swift.decl.var.instance",
      "warning": "undocumented"
    },
    {
      "file": "/Users/couchbase/workspace/couchbase-lite-ios-edition-build/couchbase-lite-ios-ee/couchbase-lite-ios/Swift/Fragment.swift",
      "line": 37,
      "symbol": "FragmentProtocol.number",
      "symbol_kind": "source.lang.swift.decl.var.instance",
      "warning": "undocumented"
    },
    {
      "file": "/Users/couchbase/workspace/couchbase-lite-ios-edition-build/couchbase-lite-ios-ee/couchbase-lite-ios/Swift/Fragment.swift",
      "line": 39,
      "symbol": "FragmentProtocol.boolean",
      "symbol_kind": "source.lang.swift.decl.var.instance",
      "warning": "undocumented"
    },
    {
      "file": "/Users/couchbase/workspace/couchbase-lite-ios-edition-build/couchbase-lite-ios-ee/couchbase-lite-ios/Swift/Fragment.swift",
      "line": 41,
      "symbol": "FragmentProtocol.date",
      "symbol_kind": "source.lang.swift.decl.var.instance",
      "warning": "undocumented"
    },
    {
      "file": "/Users/couchbase/workspace/couchbase-lite-ios-edition-build/couchbase-lite-ios-ee/couchbase-lite-ios/Swift/Fragment.swift",
      "line": 43,
      "symbol": "FragmentProtocol.blob",
      "symbol_kind": "source.lang.swift.decl.var.instance",
      "warning": "undocumented"
    },
    {
      "file": "/Users/couchbase/workspace/couchbase-lite-ios-edition-build/couchbase-lite-ios-ee/couchbase-lite-ios/Swift/Fragment.swift",
      "line": 45,
      "symbol": "FragmentProtocol.array",
      "symbol_kind": "source.lang.swift.decl.var.instance",
      "warning": "undocumented"
    },
    {
      "file": "/Users/couchbase/workspace/couchbase-lite-ios-edition-build/couchbase-lite-ios-ee/couchbase-lite-ios/Swift/Fragment.swift",
      "line": 47,
      "symbol": "FragmentProtocol.dictionary",
      "symbol_kind": "source.lang.swift.decl.var.instance",
      "warning": "undocumented"
    },
    {
      "file": "/Users/couchbase/workspace/couchbase-lite-ios-edition-build/couchbase-lite-ios-ee/couchbase-lite-ios/Swift/Fragment.swift",
      "line": 49,
      "symbol": "FragmentProtocol.exists",
      "symbol_kind": "source.lang.swift.decl.var.instance",
      "warning": "undocumented"
    },
    {
      "file": "/Users/couchbase/workspace/couchbase-lite-ios-edition-build/couchbase-lite-ios-ee/couchbase-lite-ios/Swift/Fragment.swift",
      "line": 55,
      "symbol": "ArrayFragment.subscript(_:)",
      "symbol_kind": "source.lang.swift.decl.function.subscript",
      "warning": "undocumented"
    },
    {
      "file": "/Users/couchbase/workspace/couchbase-lite-ios-edition-build/couchbase-lite-ios-ee/couchbase-lite-ios/Swift/Fragment.swift",
      "line": 60,
      "symbol": "DictionaryFragment.subscript(_:)",
      "symbol_kind": "source.lang.swift.decl.function.subscript",
      "warning": "undocumented"
    },
    {
      "file": "/Users/couchbase/workspace/couchbase-lite-ios-edition-build/couchbase-lite-ios-ee/couchbase-lite-ios/Swift/Index.swift",
      "line": 50,
      "symbol": "ValueIndexItem.property(_:)",
      "symbol_kind": "source.lang.swift.decl.function.method.class",
      "warning": "undocumented"
    },
    {
      "file": "/Users/couchbase/workspace/couchbase-lite-ios-edition-build/couchbase-lite-ios-ee/couchbase-lite-ios/Swift/Index.swift",
      "line": 143,
      "symbol": "Index.toImpl()",
      "symbol_kind": "source.lang.swift.decl.function.method.instance",
      "warning": "undocumented"
    },
    {
      "file": "/Users/couchbase/workspace/couchbase-lite-ios-edition-build/couchbase-lite-ios-ee/couchbase-lite-ios/Swift/IndexConfiguration.swift",
      "line": 22,
      "symbol": "IndexConfiguration",
      "symbol_kind": "source.lang.swift.decl.protocol",
      "warning": "undocumented"
    },
    {
      "file": "/Users/couchbase/workspace/couchbase-lite-ios-edition-build/couchbase-lite-ios-ee/couchbase-lite-ios/Swift/IndexConfiguration.swift",
      "line": 24,
      "symbol": "FullTextIndexConfiguration",
      "symbol_kind": "source.lang.swift.decl.class",
      "warning": "undocumented"
    },
    {
      "file": "/Users/couchbase/workspace/couchbase-lite-ios-edition-build/couchbase-lite-ios-ee/couchbase-lite-ios/Swift/IndexConfiguration.swift",
      "line": 60,
      "symbol": "ValueIndexConfiguration",
      "symbol_kind": "source.lang.swift.decl.class",
      "warning": "undocumented"
    },
    {
      "file": "/Users/couchbase/workspace/couchbase-lite-ios-edition-build/couchbase-lite-ios-ee/couchbase-lite-ios/Swift/IndexConfiguration.swift",
      "line": 87,
      "symbol": "IndexConfiguration",
      "symbol_kind": "source.lang.swift.decl.extension",
      "warning": "undocumented"
    },
    {
      "file": "/Users/couchbase/workspace/couchbase-lite-ios-edition-build/couchbase-lite-ios-ee/couchbase-lite-ios/Swift/IndexConfiguration.swift",
      "line": 89,
      "symbol": "IndexConfiguration.toImpl()",
      "symbol_kind": "source.lang.swift.decl.function.method.instance",
      "warning": "undocumented"
    },
    {
      "file": "/Users/couchbase/workspace/couchbase-lite-ios-edition-build/couchbase-lite-ios-ee/couchbase-lite-ios/Swift/Join.swift",
      "line": 153,
      "symbol": "JoinProtocol.toImpl()",
      "symbol_kind": "source.lang.swift.decl.function.method.instance",
      "warning": "undocumented"
    },
    {
      "file": "/Users/couchbase/workspace/couchbase-lite-ios-edition-build/couchbase-lite-ios-ee/couchbase-lite-ios/Swift/Logger.swift",
      "line": 31,
      "symbol": "LogDomain.all",
      "symbol_kind": "source.lang.swift.decl.enumelement",
      "warning": "undocumented"
    },
    {
      "file": "/Users/couchbase/workspace/couchbase-lite-ios-edition-build/couchbase-lite-ios-ee/couchbase-lite-ios/Swift/Logger.swift",
      "line": 32,
      "symbol": "LogDomain.database",
      "symbol_kind": "source.lang.swift.decl.enumelement",
      "warning": "undocumented"
    },
    {
      "file": "/Users/couchbase/workspace/couchbase-lite-ios-edition-build/couchbase-lite-ios-ee/couchbase-lite-ios/Swift/Logger.swift",
      "line": 33,
      "symbol": "LogDomain.query",
      "symbol_kind": "source.lang.swift.decl.enumelement",
      "warning": "undocumented"
    },
    {
      "file": "/Users/couchbase/workspace/couchbase-lite-ios-edition-build/couchbase-lite-ios-ee/couchbase-lite-ios/Swift/Logger.swift",
      "line": 34,
      "symbol": "LogDomain.replicator",
      "symbol_kind": "source.lang.swift.decl.enumelement",
      "warning": "undocumented"
    },
    {
      "file": "/Users/couchbase/workspace/couchbase-lite-ios-edition-build/couchbase-lite-ios-ee/couchbase-lite-ios/Swift/Logger.swift",
      "line": 35,
      "symbol": "LogDomain.network",
      "symbol_kind": "source.lang.swift.decl.enumelement",
      "warning": "undocumented"
    },
    {
      "file": "/Users/couchbase/workspace/couchbase-lite-ios-edition-build/couchbase-lite-ios-ee/couchbase-lite-ios/Swift/Logger.swift",
      "line": 50,
      "symbol": "LogLevel.debug",
      "symbol_kind": "source.lang.swift.decl.enumelement",
      "warning": "undocumented"
    },
    {
      "file": "/Users/couchbase/workspace/couchbase-lite-ios-edition-build/couchbase-lite-ios-ee/couchbase-lite-ios/Swift/Logger.swift",
      "line": 51,
      "symbol": "LogLevel.verbose",
      "symbol_kind": "source.lang.swift.decl.enumelement",
      "warning": "undocumented"
    },
    {
      "file": "/Users/couchbase/workspace/couchbase-lite-ios-edition-build/couchbase-lite-ios-ee/couchbase-lite-ios/Swift/Logger.swift",
      "line": 52,
      "symbol": "LogLevel.info",
      "symbol_kind": "source.lang.swift.decl.enumelement",
      "warning": "undocumented"
    },
    {
      "file": "/Users/couchbase/workspace/couchbase-lite-ios-edition-build/couchbase-lite-ios-ee/couchbase-lite-ios/Swift/Logger.swift",
      "line": 53,
      "symbol": "LogLevel.warning",
      "symbol_kind": "source.lang.swift.decl.enumelement",
      "warning": "undocumented"
    },
    {
      "file": "/Users/couchbase/workspace/couchbase-lite-ios-edition-build/couchbase-lite-ios-ee/couchbase-lite-ios/Swift/Logger.swift",
      "line": 54,
      "symbol": "LogLevel.error",
      "symbol_kind": "source.lang.swift.decl.enumelement",
      "warning": "undocumented"
    },
    {
      "file": "/Users/couchbase/workspace/couchbase-lite-ios-edition-build/couchbase-lite-ios-ee/couchbase-lite-ios/Swift/Logger.swift",
      "line": 55,
      "symbol": "LogLevel.none",
      "symbol_kind": "source.lang.swift.decl.enumelement",
      "warning": "undocumented"
    },
    {
      "file": "/Users/couchbase/workspace/couchbase-lite-ios-edition-build/couchbase-lite-ios-ee/couchbase-lite-ios/Swift/MutableArrayObject.swift",
      "line": 28,
      "symbol": "MutableArrayProtocol.setValue(_:at:)",
      "symbol_kind": "source.lang.swift.decl.function.method.instance",
      "warning": "undocumented"
    },
    {
      "file": "/Users/couchbase/workspace/couchbase-lite-ios-edition-build/couchbase-lite-ios-ee/couchbase-lite-ios/Swift/MutableArrayObject.swift",
      "line": 30,
      "symbol": "MutableArrayProtocol.setString(_:at:)",
      "symbol_kind": "source.lang.swift.decl.function.method.instance",
      "warning": "undocumented"
    },
    {
      "file": "/Users/couchbase/workspace/couchbase-lite-ios-edition-build/couchbase-lite-ios-ee/couchbase-lite-ios/Swift/MutableArrayObject.swift",
      "line": 32,
      "symbol": "MutableArrayProtocol.setNumber(_:at:)",
      "symbol_kind": "source.lang.swift.decl.function.method.instance",
      "warning": "undocumented"
    },
    {
      "file": "/Users/couchbase/workspace/couchbase-lite-ios-edition-build/couchbase-lite-ios-ee/couchbase-lite-ios/Swift/MutableArrayObject.swift",
      "line": 34,
      "symbol": "MutableArrayProtocol.setInt(_:at:)",
      "symbol_kind": "source.lang.swift.decl.function.method.instance",
      "warning": "undocumented"
    },
    {
      "file": "/Users/couchbase/workspace/couchbase-lite-ios-edition-build/couchbase-lite-ios-ee/couchbase-lite-ios/Swift/MutableArrayObject.swift",
      "line": 36,
      "symbol": "MutableArrayProtocol.setInt64(_:at:)",
      "symbol_kind": "source.lang.swift.decl.function.method.instance",
      "warning": "undocumented"
    },
    {
      "file": "/Users/couchbase/workspace/couchbase-lite-ios-edition-build/couchbase-lite-ios-ee/couchbase-lite-ios/Swift/MutableArrayObject.swift",
      "line": 38,
      "symbol": "MutableArrayProtocol.setFloat(_:at:)",
      "symbol_kind": "source.lang.swift.decl.function.method.instance",
      "warning": "undocumented"
    },
    {
      "file": "/Users/couchbase/workspace/couchbase-lite-ios-edition-build/couchbase-lite-ios-ee/couchbase-lite-ios/Swift/MutableArrayObject.swift",
      "line": 40,
      "symbol": "MutableArrayProtocol.setDouble(_:at:)",
      "symbol_kind": "source.lang.swift.decl.function.method.instance",
      "warning": "undocumented"
    },
    {
      "file": "/Users/couchbase/workspace/couchbase-lite-ios-edition-build/couchbase-lite-ios-ee/couchbase-lite-ios/Swift/MutableArrayObject.swift",
      "line": 42,
      "symbol": "MutableArrayProtocol.setBoolean(_:at:)",
      "symbol_kind": "source.lang.swift.decl.function.method.instance",
      "warning": "undocumented"
    },
    {
      "file": "/Users/couchbase/workspace/couchbase-lite-ios-edition-build/couchbase-lite-ios-ee/couchbase-lite-ios/Swift/MutableArrayObject.swift",
      "line": 44,
      "symbol": "MutableArrayProtocol.setDate(_:at:)",
      "symbol_kind": "source.lang.swift.decl.function.method.instance",
      "warning": "undocumented"
    },
    {
      "file": "/Users/couchbase/workspace/couchbase-lite-ios-edition-build/couchbase-lite-ios-ee/couchbase-lite-ios/Swift/MutableArrayObject.swift",
      "line": 46,
      "symbol": "MutableArrayProtocol.setBlob(_:at:)",
      "symbol_kind": "source.lang.swift.decl.function.method.instance",
      "warning": "undocumented"
    },
    {
      "file": "/Users/couchbase/workspace/couchbase-lite-ios-edition-build/couchbase-lite-ios-ee/couchbase-lite-ios/Swift/MutableArrayObject.swift",
      "line": 48,
      "symbol": "MutableArrayProtocol.setArray(_:at:)",
      "symbol_kind": "source.lang.swift.decl.function.method.instance",
      "warning": "undocumented"
    },
    {
      "file": "/Users/couchbase/workspace/couchbase-lite-ios-edition-build/couchbase-lite-ios-ee/couchbase-lite-ios/Swift/MutableArrayObject.swift",
      "line": 50,
      "symbol": "MutableArrayProtocol.setDictionary(_:at:)",
      "symbol_kind": "source.lang.swift.decl.function.method.instance",
      "warning": "undocumented"
    },
    {
      "file": "/Users/couchbase/workspace/couchbase-lite-ios-edition-build/couchbase-lite-ios-ee/couchbase-lite-ios/Swift/MutableArrayObject.swift",
      "line": 54,
      "symbol": "MutableArrayProtocol.addValue(_:)",
      "symbol_kind": "source.lang.swift.decl.function.method.instance",
      "warning": "undocumented"
    },
    {
      "file": "/Users/couchbase/workspace/couchbase-lite-ios-edition-build/couchbase-lite-ios-ee/couchbase-lite-ios/Swift/MutableArrayObject.swift",
      "line": 56,
      "symbol": "MutableArrayProtocol.addString(_:)",
      "symbol_kind": "source.lang.swift.decl.function.method.instance",
      "warning": "undocumented"
    },
    {
      "file": "/Users/couchbase/workspace/couchbase-lite-ios-edition-build/couchbase-lite-ios-ee/couchbase-lite-ios/Swift/MutableArrayObject.swift",
      "line": 58,
      "symbol": "MutableArrayProtocol.addNumber(_:)",
      "symbol_kind": "source.lang.swift.decl.function.method.instance",
      "warning": "undocumented"
    },
    {
      "file": "/Users/couchbase/workspace/couchbase-lite-ios-edition-build/couchbase-lite-ios-ee/couchbase-lite-ios/Swift/MutableArrayObject.swift",
      "line": 60,
      "symbol": "MutableArrayProtocol.addInt(_:)",
      "symbol_kind": "source.lang.swift.decl.function.method.instance",
      "warning": "undocumented"
    },
    {
      "file": "/Users/couchbase/workspace/couchbase-lite-ios-edition-build/couchbase-lite-ios-ee/couchbase-lite-ios/Swift/MutableArrayObject.swift",
      "line": 62,
      "symbol": "MutableArrayProtocol.addInt64(_:)",
      "symbol_kind": "source.lang.swift.decl.function.method.instance",
      "warning": "undocumented"
    },
    {
      "file": "/Users/couchbase/workspace/couchbase-lite-ios-edition-build/couchbase-lite-ios-ee/couchbase-lite-ios/Swift/MutableArrayObject.swift",
      "line": 64,
      "symbol": "MutableArrayProtocol.addFloat(_:)",
      "symbol_kind": "source.lang.swift.decl.function.method.instance",
      "warning": "undocumented"
    },
    {
      "file": "/Users/couchbase/workspace/couchbase-lite-ios-edition-build/couchbase-lite-ios-ee/couchbase-lite-ios/Swift/MutableArrayObject.swift",
      "line": 66,
      "symbol": "MutableArrayProtocol.addDouble(_:)",
      "symbol_kind": "source.lang.swift.decl.function.method.instance",
      "warning": "undocumented"
    },
    {
      "file": "/Users/couchbase/workspace/couchbase-lite-ios-edition-build/couchbase-lite-ios-ee/couchbase-lite-ios/Swift/MutableArrayObject.swift",
      "line": 68,
      "symbol": "MutableArrayProtocol.addBlob(_:)",
      "symbol_kind": "source.lang.swift.decl.function.method.instance",
      "warning": "undocumented"
    },
    {
      "file": "/Users/couchbase/workspace/couchbase-lite-ios-edition-build/couchbase-lite-ios-ee/couchbase-lite-ios/Swift/MutableArrayObject.swift",
      "line": 70,
      "symbol": "MutableArrayProtocol.addBoolean(_:)",
      "symbol_kind": "source.lang.swift.decl.function.method.instance",
      "warning": "undocumented"
    },
    {
      "file": "/Users/couchbase/workspace/couchbase-lite-ios-edition-build/couchbase-lite-ios-ee/couchbase-lite-ios/Swift/MutableArrayObject.swift",
      "line": 72,
      "symbol": "MutableArrayProtocol.addDate(_:)",
      "symbol_kind": "source.lang.swift.decl.function.method.instance",
      "warning": "undocumented"
    },
    {
      "file": "/Users/couchbase/workspace/couchbase-lite-ios-edition-build/couchbase-lite-ios-ee/couchbase-lite-ios/Swift/MutableArrayObject.swift",
      "line": 74,
      "symbol": "MutableArrayProtocol.addArray(_:)",
      "symbol_kind": "source.lang.swift.decl.function.method.instance",
      "warning": "undocumented"
    },
    {
      "file": "/Users/couchbase/workspace/couchbase-lite-ios-edition-build/couchbase-lite-ios-ee/couchbase-lite-ios/Swift/MutableArrayObject.swift",
      "line": 76,
      "symbol": "MutableArrayProtocol.addDictionary(_:)",
      "symbol_kind": "source.lang.swift.decl.function.method.instance",
      "warning": "undocumented"
    },
    {
      "file": "/Users/couchbase/workspace/couchbase-lite-ios-edition-build/couchbase-lite-ios-ee/couchbase-lite-ios/Swift/MutableArrayObject.swift",
      "line": 80,
      "symbol": "MutableArrayProtocol.insertValue(_:at:)",
      "symbol_kind": "source.lang.swift.decl.function.method.instance",
      "warning": "undocumented"
    },
    {
      "file": "/Users/couchbase/workspace/couchbase-lite-ios-edition-build/couchbase-lite-ios-ee/couchbase-lite-ios/Swift/MutableArrayObject.swift",
      "line": 82,
      "symbol": "MutableArrayProtocol.insertString(_:at:)",
      "symbol_kind": "source.lang.swift.decl.function.method.instance",
      "warning": "undocumented"
    },
    {
      "file": "/Users/couchbase/workspace/couchbase-lite-ios-edition-build/couchbase-lite-ios-ee/couchbase-lite-ios/Swift/MutableArrayObject.swift",
      "line": 84,
      "symbol": "MutableArrayProtocol.insertNumber(_:at:)",
      "symbol_kind": "source.lang.swift.decl.function.method.instance",
      "warning": "undocumented"
    },
    {
      "file": "/Users/couchbase/workspace/couchbase-lite-ios-edition-build/couchbase-lite-ios-ee/couchbase-lite-ios/Swift/MutableArrayObject.swift",
      "line": 86,
      "symbol": "MutableArrayProtocol.insertInt(_:at:)",
      "symbol_kind": "source.lang.swift.decl.function.method.instance",
      "warning": "undocumented"
    },
    {
      "file": "/Users/couchbase/workspace/couchbase-lite-ios-edition-build/couchbase-lite-ios-ee/couchbase-lite-ios/Swift/MutableArrayObject.swift",
      "line": 88,
      "symbol": "MutableArrayProtocol.insertInt64(_:at:)",
      "symbol_kind": "source.lang.swift.decl.function.method.instance",
      "warning": "undocumented"
    },
    {
      "file": "/Users/couchbase/workspace/couchbase-lite-ios-edition-build/couchbase-lite-ios-ee/couchbase-lite-ios/Swift/MutableArrayObject.swift",
      "line": 90,
      "symbol": "MutableArrayProtocol.insertFloat(_:at:)",
      "symbol_kind": "source.lang.swift.decl.function.method.instance",
      "warning": "undocumented"
    },
    {
      "file": "/Users/couchbase/workspace/couchbase-lite-ios-edition-build/couchbase-lite-ios-ee/couchbase-lite-ios/Swift/MutableArrayObject.swift",
      "line": 92,
      "symbol": "MutableArrayProtocol.insertDouble(_:at:)",
      "symbol_kind": "source.lang.swift.decl.function.method.instance",
      "warning": "undocumented"
    },
    {
      "file": "/Users/couchbase/workspace/couchbase-lite-ios-edition-build/couchbase-lite-ios-ee/couchbase-lite-ios/Swift/MutableArrayObject.swift",
      "line": 94,
      "symbol": "MutableArrayProtocol.insertBoolean(_:at:)",
      "symbol_kind": "source.lang.swift.decl.function.method.instance",
      "warning": "undocumented"
    },
    {
      "file": "/Users/couchbase/workspace/couchbase-lite-ios-edition-build/couchbase-lite-ios-ee/couchbase-lite-ios/Swift/MutableArrayObject.swift",
      "line": 96,
      "symbol": "MutableArrayProtocol.insertDate(_:at:)",
      "symbol_kind": "source.lang.swift.decl.function.method.instance",
      "warning": "undocumented"
    },
    {
      "file": "/Users/couchbase/workspace/couchbase-lite-ios-edition-build/couchbase-lite-ios-ee/couchbase-lite-ios/Swift/MutableArrayObject.swift",
      "line": 98,
      "symbol": "MutableArrayProtocol.insertBlob(_:at:)",
      "symbol_kind": "source.lang.swift.decl.function.method.instance",
      "warning": "undocumented"
    },
    {
      "file": "/Users/couchbase/workspace/couchbase-lite-ios-edition-build/couchbase-lite-ios-ee/couchbase-lite-ios/Swift/MutableArrayObject.swift",
      "line": 100,
      "symbol": "MutableArrayProtocol.insertArray(_:at:)",
      "symbol_kind": "source.lang.swift.decl.function.method.instance",
      "warning": "undocumented"
    },
    {
      "file": "/Users/couchbase/workspace/couchbase-lite-ios-edition-build/couchbase-lite-ios-ee/couchbase-lite-ios/Swift/MutableArrayObject.swift",
      "line": 102,
      "symbol": "MutableArrayProtocol.insertDictionary(_:at:)",
      "symbol_kind": "source.lang.swift.decl.function.method.instance",
      "warning": "undocumented"
    },
    {
      "file": "/Users/couchbase/workspace/couchbase-lite-ios-edition-build/couchbase-lite-ios-ee/couchbase-lite-ios/Swift/MutableArrayObject.swift",
      "line": 106,
      "symbol": "MutableArrayProtocol.setData(_:)",
      "symbol_kind": "source.lang.swift.decl.function.method.instance",
      "warning": "undocumented"
    },
    {
      "file": "/Users/couchbase/workspace/couchbase-lite-ios-edition-build/couchbase-lite-ios-ee/couchbase-lite-ios/Swift/MutableArrayObject.swift",
      "line": 107,
      "symbol": "MutableArrayProtocol.setJSON(_:)",
      "symbol_kind": "source.lang.swift.decl.function.method.instance",
      "warning": "undocumented"
    },
    {
      "file": "/Users/couchbase/workspace/couchbase-lite-ios-edition-build/couchbase-lite-ios-ee/couchbase-lite-ios/Swift/MutableArrayObject.swift",
      "line": 111,
      "symbol": "MutableArrayProtocol.removeValue(at:)",
      "symbol_kind": "source.lang.swift.decl.function.method.instance",
      "warning": "undocumented"
    },
    {
      "file": "/Users/couchbase/workspace/couchbase-lite-ios-edition-build/couchbase-lite-ios-ee/couchbase-lite-ios/Swift/MutableArrayObject.swift",
      "line": 115,
      "symbol": "MutableArrayProtocol.array(at:)",
      "symbol_kind": "source.lang.swift.decl.function.method.instance",
      "warning": "undocumented"
    },
    {
      "file": "/Users/couchbase/workspace/couchbase-lite-ios-edition-build/couchbase-lite-ios-ee/couchbase-lite-ios/Swift/MutableArrayObject.swift",
      "line": 117,
      "symbol": "MutableArrayProtocol.dictionary(at:)",
      "symbol_kind": "source.lang.swift.decl.function.method.instance",
      "warning": "undocumented"
    },
    {
      "file": "/Users/couchbase/workspace/couchbase-lite-ios-edition-build/couchbase-lite-ios-ee/couchbase-lite-ios/Swift/MutableDictionaryObject.swift",
      "line": 28,
      "symbol": "MutableDictionaryProtocol.setValue(_:forKey:)",
      "symbol_kind": "source.lang.swift.decl.function.method.instance",
      "warning": "undocumented"
    },
    {
      "file": "/Users/couchbase/workspace/couchbase-lite-ios-edition-build/couchbase-lite-ios-ee/couchbase-lite-ios/Swift/MutableDictionaryObject.swift",
      "line": 30,
      "symbol": "MutableDictionaryProtocol.setString(_:forKey:)",
      "symbol_kind": "source.lang.swift.decl.function.method.instance",
      "warning": "undocumented"
    },
    {
      "file": "/Users/couchbase/workspace/couchbase-lite-ios-edition-build/couchbase-lite-ios-ee/couchbase-lite-ios/Swift/MutableDictionaryObject.swift",
      "line": 32,
      "symbol": "MutableDictionaryProtocol.setNumber(_:forKey:)",
      "symbol_kind": "source.lang.swift.decl.function.method.instance",
      "warning": "undocumented"
    },
    {
      "file": "/Users/couchbase/workspace/couchbase-lite-ios-edition-build/couchbase-lite-ios-ee/couchbase-lite-ios/Swift/MutableDictionaryObject.swift",
      "line": 34,
      "symbol": "MutableDictionaryProtocol.setInt(_:forKey:)",
      "symbol_kind": "source.lang.swift.decl.function.method.instance",
      "warning": "undocumented"
    },
    {
      "file": "/Users/couchbase/workspace/couchbase-lite-ios-edition-build/couchbase-lite-ios-ee/couchbase-lite-ios/Swift/MutableDictionaryObject.swift",
      "line": 36,
      "symbol": "MutableDictionaryProtocol.setInt64(_:forKey:)",
      "symbol_kind": "source.lang.swift.decl.function.method.instance",
      "warning": "undocumented"
    },
    {
      "file": "/Users/couchbase/workspace/couchbase-lite-ios-edition-build/couchbase-lite-ios-ee/couchbase-lite-ios/Swift/MutableDictionaryObject.swift",
      "line": 38,
      "symbol": "MutableDictionaryProtocol.setFloat(_:forKey:)",
      "symbol_kind": "source.lang.swift.decl.function.method.instance",
      "warning": "undocumented"
    },
    {
      "file": "/Users/couchbase/workspace/couchbase-lite-ios-edition-build/couchbase-lite-ios-ee/couchbase-lite-ios/Swift/MutableDictionaryObject.swift",
      "line": 40,
      "symbol": "MutableDictionaryProtocol.setDouble(_:forKey:)",
      "symbol_kind": "source.lang.swift.decl.function.method.instance",
      "warning": "undocumented"
    },
    {
      "file": "/Users/couchbase/workspace/couchbase-lite-ios-edition-build/couchbase-lite-ios-ee/couchbase-lite-ios/Swift/MutableDictionaryObject.swift",
      "line": 42,
      "symbol": "MutableDictionaryProtocol.setBoolean(_:forKey:)",
      "symbol_kind": "source.lang.swift.decl.function.method.instance",
      "warning": "undocumented"
    },
    {
      "file": "/Users/couchbase/workspace/couchbase-lite-ios-edition-build/couchbase-lite-ios-ee/couchbase-lite-ios/Swift/MutableDictionaryObject.swift",
      "line": 44,
      "symbol": "MutableDictionaryProtocol.setDate(_:forKey:)",
      "symbol_kind": "source.lang.swift.decl.function.method.instance",
      "warning": "undocumented"
    },
    {
      "file": "/Users/couchbase/workspace/couchbase-lite-ios-edition-build/couchbase-lite-ios-ee/couchbase-lite-ios/Swift/MutableDictionaryObject.swift",
      "line": 46,
      "symbol": "MutableDictionaryProtocol.setBlob(_:forKey:)",
      "symbol_kind": "source.lang.swift.decl.function.method.instance",
      "warning": "undocumented"
    },
    {
      "file": "/Users/couchbase/workspace/couchbase-lite-ios-edition-build/couchbase-lite-ios-ee/couchbase-lite-ios/Swift/MutableDictionaryObject.swift",
      "line": 48,
      "symbol": "MutableDictionaryProtocol.setArray(_:forKey:)",
      "symbol_kind": "source.lang.swift.decl.function.method.instance",
      "warning": "undocumented"
    },
    {
      "file": "/Users/couchbase/workspace/couchbase-lite-ios-edition-build/couchbase-lite-ios-ee/couchbase-lite-ios/Swift/MutableDictionaryObject.swift",
      "line": 50,
      "symbol": "MutableDictionaryProtocol.setDictionary(_:forKey:)",
      "symbol_kind": "source.lang.swift.decl.function.method.instance",
      "warning": "undocumented"
    },
    {
      "file": "/Users/couchbase/workspace/couchbase-lite-ios-edition-build/couchbase-lite-ios-ee/couchbase-lite-ios/Swift/MutableDictionaryObject.swift",
      "line": 54,
      "symbol": "MutableDictionaryProtocol.setData(_:)",
      "symbol_kind": "source.lang.swift.decl.function.method.instance",
      "warning": "undocumented"
    },
    {
      "file": "/Users/couchbase/workspace/couchbase-lite-ios-edition-build/couchbase-lite-ios-ee/couchbase-lite-ios/Swift/MutableDictionaryObject.swift",
      "line": 55,
      "symbol": "MutableDictionaryProtocol.setJSON(_:)",
      "symbol_kind": "source.lang.swift.decl.function.method.instance",
      "warning": "undocumented"
    },
    {
      "file": "/Users/couchbase/workspace/couchbase-lite-ios-edition-build/couchbase-lite-ios-ee/couchbase-lite-ios/Swift/MutableDictionaryObject.swift",
      "line": 59,
      "symbol": "MutableDictionaryProtocol.removeValue(forKey:)",
      "symbol_kind": "source.lang.swift.decl.function.method.instance",
      "warning": "undocumented"
    },
    {
      "file": "/Users/couchbase/workspace/couchbase-lite-ios-edition-build/couchbase-lite-ios-ee/couchbase-lite-ios/Swift/MutableDictionaryObject.swift",
      "line": 63,
      "symbol": "MutableDictionaryProtocol.array(forKey:)",
      "symbol_kind": "source.lang.swift.decl.function.method.instance",
      "warning": "undocumented"
    },
    {
      "file": "/Users/couchbase/workspace/couchbase-lite-ios-edition-build/couchbase-lite-ios-ee/couchbase-lite-ios/Swift/MutableDictionaryObject.swift",
      "line": 65,
      "symbol": "MutableDictionaryProtocol.dictionary(forKey:)",
      "symbol_kind": "source.lang.swift.decl.function.method.instance",
      "warning": "undocumented"
    },
    {
      "file": "/Users/couchbase/workspace/couchbase-lite-ios-edition-build/couchbase-lite-ios-ee/couchbase-lite-ios/Swift/MutableFragment.swift",
      "line": 26,
      "symbol": "MutableFragmentProtocol.value",
      "symbol_kind": "source.lang.swift.decl.var.instance",
      "warning": "undocumented"
    },
    {
      "file": "/Users/couchbase/workspace/couchbase-lite-ios-edition-build/couchbase-lite-ios-ee/couchbase-lite-ios/Swift/MutableFragment.swift",
      "line": 28,
      "symbol": "MutableFragmentProtocol.string",
      "symbol_kind": "source.lang.swift.decl.var.instance",
      "warning": "undocumented"
    },
    {
      "file": "/Users/couchbase/workspace/couchbase-lite-ios-edition-build/couchbase-lite-ios-ee/couchbase-lite-ios/Swift/MutableFragment.swift",
      "line": 30,
      "symbol": "MutableFragmentProtocol.number",
      "symbol_kind": "source.lang.swift.decl.var.instance",
      "warning": "undocumented"
    },
    {
      "file": "/Users/couchbase/workspace/couchbase-lite-ios-edition-build/couchbase-lite-ios-ee/couchbase-lite-ios/Swift/MutableFragment.swift",
      "line": 32,
      "symbol": "MutableFragmentProtocol.int",
      "symbol_kind": "source.lang.swift.decl.var.instance",
      "warning": "undocumented"
    },
    {
      "file": "/Users/couchbase/workspace/couchbase-lite-ios-edition-build/couchbase-lite-ios-ee/couchbase-lite-ios/Swift/MutableFragment.swift",
      "line": 34,
      "symbol": "MutableFragmentProtocol.int64",
      "symbol_kind": "source.lang.swift.decl.var.instance",
      "warning": "undocumented"
    },
    {
      "file": "/Users/couchbase/workspace/couchbase-lite-ios-edition-build/couchbase-lite-ios-ee/couchbase-lite-ios/Swift/MutableFragment.swift",
      "line": 36,
      "symbol": "MutableFragmentProtocol.float",
      "symbol_kind": "source.lang.swift.decl.var.instance",
      "warning": "undocumented"
    },
    {
      "file": "/Users/couchbase/workspace/couchbase-lite-ios-edition-build/couchbase-lite-ios-ee/couchbase-lite-ios/Swift/MutableFragment.swift",
      "line": 38,
      "symbol": "MutableFragmentProtocol.double",
      "symbol_kind": "source.lang.swift.decl.var.instance",
      "warning": "undocumented"
    },
    {
      "file": "/Users/couchbase/workspace/couchbase-lite-ios-edition-build/couchbase-lite-ios-ee/couchbase-lite-ios/Swift/MutableFragment.swift",
      "line": 40,
      "symbol": "MutableFragmentProtocol.boolean",
      "symbol_kind": "source.lang.swift.decl.var.instance",
      "warning": "undocumented"
    },
    {
      "file": "/Users/couchbase/workspace/couchbase-lite-ios-edition-build/couchbase-lite-ios-ee/couchbase-lite-ios/Swift/MutableFragment.swift",
      "line": 42,
      "symbol": "MutableFragmentProtocol.date",
      "symbol_kind": "source.lang.swift.decl.var.instance",
      "warning": "undocumented"
    },
    {
      "file": "/Users/couchbase/workspace/couchbase-lite-ios-edition-build/couchbase-lite-ios-ee/couchbase-lite-ios/Swift/MutableFragment.swift",
      "line": 44,
      "symbol": "MutableFragmentProtocol.blob",
      "symbol_kind": "source.lang.swift.decl.var.instance",
      "warning": "undocumented"
    },
    {
      "file": "/Users/couchbase/workspace/couchbase-lite-ios-edition-build/couchbase-lite-ios-ee/couchbase-lite-ios/Swift/MutableFragment.swift",
      "line": 46,
      "symbol": "MutableFragmentProtocol.array",
      "symbol_kind": "source.lang.swift.decl.var.instance",
      "warning": "undocumented"
    },
    {
      "file": "/Users/couchbase/workspace/couchbase-lite-ios-edition-build/couchbase-lite-ios-ee/couchbase-lite-ios/Swift/MutableFragment.swift",
      "line": 48,
      "symbol": "MutableFragmentProtocol.dictionary",
      "symbol_kind": "source.lang.swift.decl.var.instance",
      "warning": "undocumented"
    },
    {
      "file": "/Users/couchbase/workspace/couchbase-lite-ios-edition-build/couchbase-lite-ios-ee/couchbase-lite-ios/Swift/MutableFragment.swift",
      "line": 55,
      "symbol": "MutableArrayFragment.subscript(_:)",
      "symbol_kind": "source.lang.swift.decl.function.subscript",
      "warning": "undocumented"
    },
    {
      "file": "/Users/couchbase/workspace/couchbase-lite-ios-edition-build/couchbase-lite-ios-ee/couchbase-lite-ios/Swift/MutableFragment.swift",
      "line": 61,
      "symbol": "MutableDictionaryFragment.subscript(_:)",
      "symbol_kind": "source.lang.swift.decl.function.subscript",
      "warning": "undocumented"
    },
    {
      "file": "/Users/couchbase/workspace/couchbase-lite-ios-edition-build/couchbase-lite-ios-ee/couchbase-lite-ios/Swift/Ordering.swift",
      "line": 106,
      "symbol": "OrderingProtocol.toImpl()",
      "symbol_kind": "source.lang.swift.decl.function.method.instance",
      "warning": "undocumented"
    },
    {
      "file": "/Users/couchbase/workspace/couchbase-lite-ios-edition-build/couchbase-lite-ios-ee/couchbase-lite-ios/Swift/Replicator.swift",
      "line": 37,
      "symbol": "Replicator.ActivityLevel.stopped",
      "symbol_kind": "source.lang.swift.decl.enumelement",
      "warning": "undocumented"
    },
    {
      "file": "/Users/couchbase/workspace/couchbase-lite-ios-edition-build/couchbase-lite-ios-ee/couchbase-lite-ios/Swift/Replicator.swift",
      "line": 38,
      "symbol": "Replicator.ActivityLevel.offline",
      "symbol_kind": "source.lang.swift.decl.enumelement",
      "warning": "undocumented"
    },
    {
      "file": "/Users/couchbase/workspace/couchbase-lite-ios-edition-build/couchbase-lite-ios-ee/couchbase-lite-ios/Swift/Replicator.swift",
      "line": 39,
      "symbol": "Replicator.ActivityLevel.connecting",
      "symbol_kind": "source.lang.swift.decl.enumelement",
      "warning": "undocumented"
    },
    {
      "file": "/Users/couchbase/workspace/couchbase-lite-ios-edition-build/couchbase-lite-ios-ee/couchbase-lite-ios/Swift/Replicator.swift",
      "line": 40,
      "symbol": "Replicator.ActivityLevel.idle",
      "symbol_kind": "source.lang.swift.decl.enumelement",
      "warning": "undocumented"
    },
    {
      "file": "/Users/couchbase/workspace/couchbase-lite-ios-edition-build/couchbase-lite-ios-ee/couchbase-lite-ios/Swift/Replicator.swift",
      "line": 41,
      "symbol": "Replicator.ActivityLevel.busy",
      "symbol_kind": "source.lang.swift.decl.enumelement",
      "warning": "undocumented"
    },
    {
      "file": "/Users/couchbase/workspace/couchbase-lite-ios-edition-build/couchbase-lite-ios-ee/couchbase-lite-ios/Swift/ReplicatorConfiguration.swift",
      "line": 28,
      "symbol": "ReplicatorType.pushAndPull",
      "symbol_kind": "source.lang.swift.decl.enumelement",
      "warning": "undocumented"
    },
    {
      "file": "/Users/couchbase/workspace/couchbase-lite-ios-edition-build/couchbase-lite-ios-ee/couchbase-lite-ios/Swift/ReplicatorConfiguration.swift",
      "line": 29,
      "symbol": "ReplicatorType.push",
      "symbol_kind": "source.lang.swift.decl.enumelement",
      "warning": "undocumented"
    },
    {
      "file": "/Users/couchbase/workspace/couchbase-lite-ios-edition-build/couchbase-lite-ios-ee/couchbase-lite-ios/Swift/ReplicatorConfiguration.swift",
      "line": 30,
      "symbol": "ReplicatorType.pull",
      "symbol_kind": "source.lang.swift.decl.enumelement",
      "warning": "undocumented"
    },
    {
      "file": "/Users/couchbase/workspace/couchbase-lite-ios-edition-build/couchbase-lite-ios-ee/couchbase-lite-ios/Swift/SelectResult.swift",
      "line": 127,
      "symbol": "SelectResultProtocol.toImpl()",
      "symbol_kind": "source.lang.swift.decl.function.method.instance",
      "warning": "undocumented"
    }
  ],
  "source_directory": "/Users/couchbase/workspace/couchbase-lite-ios-edition-build/couchbase-lite-ios-ee/couchbase-lite-ios"
}